{"cameraMode":{"drawMode":0,"name":"Shaded","section":"Shading Mode"},"sceneLighting":true,"audioPlay":false,"sceneViewState":{"m_AlwaysRefresh":false,"showFog":true,"showSkybox":true,"showFlares":true,"showImageEffects":true,"showParticleSystems":true,"showVisualEffectGraphs":true,"m_FxEnabled":true},"in2DMode":false,"pivot":{"x":0.8232652544975281,"y":2.5779569149017336,"z":2.2839670181274416},"rotation":{"x":0.0976083055138588,"y":-0.9022722840309143,"z":0.2881692945957184,"w":0.3055679202079773},"size":26.159690856933595,"orthographic":true}