{"cameraMode":{"drawMode":0,"name":"Shaded","section":"Shading Mode"},"sceneLighting":false,"audioPlay":false,"sceneViewState":{"m_AlwaysRefresh":false,"showFog":true,"showSkybox":false,"showFlares":true,"showImageEffects":true,"showParticleSystems":true,"showVisualEffectGraphs":true,"m_FxEnabled":true},"in2DMode":false,"pivot":{"x":0.5149970054626465,"y":-0.37467747926712038,"z":0.15824627876281739},"rotation":{"x":-0.2532697319984436,"y":0.00275388709269464,"z":-0.0007213469361886382,"w":-0.9673936367034912},"size":1.3925703763961793,"orthographic":false}