{"cameraMode":{"drawMode":0,"name":"Shaded","section":"Shading Mode"},"sceneLighting":false,"audioPlay":false,"sceneViewState":{"m_AlwaysRefresh":false,"showFog":true,"showSkybox":false,"showFlares":true,"showImageEffects":true,"showParticleSystems":true,"showVisualEffectGraphs":true,"m_FxEnabled":true},"in2DMode":false,"pivot":{"x":-1.3650331497192383,"y":2.307204246520996,"z":-0.14646148681640626},"rotation":{"x":-0.33177971839904787,"y":-0.09683992713689804,"z":0.034262366592884067,"w":-0.9377511739730835},"size":8.099696159362793,"orthographic":false}